{
  "bias": -2.1980296121085106,
  "weights": [
    -0.9980825058085083,
    2.6840079092211897,
    -0.05051873473859611,
    3.1778866084080843,
    -0.6635635780569809,
    -0.00870018423531527
  ]
}